{
    "manifest_version": 2,
    "name": "Simple Search For",
    "version": "1.3",
    "description": "Add Startpage™ search to selected text context menu.",
    "author": "Aaron Papp",
    "homepage_url": "https://github.com/Aaron-P/SimpleSearchGoogleFor",
    "icons": {
        "16": "src/icons/icon-16.png",
        "48": "src/icons/icon-48.png",
        "128": "src/icons/icon-128.png"
    },
    "permissions": [
        "contextMenus"
    ],
    "background": {
        "scripts": [
            "src/background.js"
        ]
    }
}
